time,isp,idlePing,download,downloadPing,upload,uploadPing,packetLoss
2025-01-15T06:06:45-06:00[America/Chicago],T-Mobile USA,36,430,549,27,550,0
2025-01-15T06:08:25-06:00[America/Chicago],T-Mobile USA,40,434,672,26,529,0
2025-01-15T06:13:58-06:00[America/Chicago],T-Mobile USA,41,163,48,17,516,0
2025-01-15T06:19:31-06:00[America/Chicago],T-Mobile USA,40,253,61,21,330,0
2025-01-15T06:24:59-06:00[America/Chicago],T-Mobile USA,39,417,644,24,401,0
2025-01-15T06:30:33-06:00[America/Chicago],T-Mobile USA,40,378,714,24,597,0
2025-01-15T06:36:07-06:00[America/Chicago],T-Mobile USA,40,439,532,25,454,0
2025-01-15T06:41:33-06:00[America/Chicago],T-Mobile USA,41,411,572,24,533,0
2025-01-15T06:47:07-06:00[America/Chicago],T-Mobile USA,40,438,648,24,526,0
2025-01-15T08:24:00-06:00[America/Chicago],T-Mobile USA,40,398,695,27,559,0
2025-01-15T08:29:36-06:00[America/Chicago],T-Mobile USA,37,426,603,24,574,0
2025-01-15T08:31:12-06:00[America/Chicago],T-Mobile USA,38,433,602,23,414,0
2025-01-15T08:40:21-06:00[America/Chicago],T-Mobile USA,39,350,309,25,597,0
2025-01-15T08:45:48-06:00[America/Chicago],T-Mobile USA,40,382,593,24,500,0
2025-01-15T08:51:18-06:00[America/Chicago],T-Mobile USA,44,422,711,23,723,0
2025-01-15T08:56:51-06:00[America/Chicago],T-Mobile USA,40,394,665,24,285,0
2025-01-15T09:02:17-06:00[America/Chicago],T-Mobile USA,47,385,609,13,361,0
2025-01-15T09:07:50-06:00[America/Chicago],T-Mobile USA,43,371,813,11,882,0
2025-01-15T09:13:19-06:00[America/Chicago],T-Mobile USA,46,360,858,13,680,0
2025-01-15T09:18:46-06:00[America/Chicago],T-Mobile USA,41,277,63,27,479,0
2025-01-15T09:29:34-06:00[America/Chicago],T-Mobile USA,40,238,57,24,495,0
2025-01-15T09:34:58-06:00[America/Chicago],T-Mobile USA,39,412,623,25,645,0
2025-01-15T09:40:33-06:00[America/Chicago],T-Mobile USA,40,363,739,24,590,0
2025-01-15T09:46:01-06:00[America/Chicago],T-Mobile USA,42,364,824,24,651,0
2025-01-15T09:51:29-06:00[America/Chicago],T-Mobile USA,40,389,618,20,469,0
2025-01-15T10:02:16-06:00[America/Chicago],T-Mobile USA,41,228,56,19,557,0
2025-01-15T10:07:44-06:00[America/Chicago],T-Mobile USA,44,275,69,19,669,0
2025-01-15T10:13:15-06:00[America/Chicago],T-Mobile USA,39,286,459,21,500,0
2025-01-15T10:18:43-06:00[America/Chicago],T-Mobile USA,42,355,730,20,399,0
2025-01-15T10:24:17-06:00[America/Chicago],T-Mobile USA,42,293,84,19,554,0
2025-01-15T10:29:49-06:00[America/Chicago],T-Mobile USA,38,187,57,19,625,0
2025-01-15T10:35:18-06:00[America/Chicago],T-Mobile USA,37,271,700,19,853,0
2025-01-15T10:40:55-06:00[America/Chicago],T-Mobile USA,51,249,431,17,893,0
2025-01-15T10:46:28-06:00[America/Chicago],T-Mobile USA,42,374,660,17,892,0
2025-01-15T10:51:59-06:00[America/Chicago],T-Mobile USA,41,241,893,18,574,0
2025-01-15T10:57:34-06:00[America/Chicago],T-Mobile USA,43,194,79,14,892,0
2025-01-15T11:03:07-06:00[America/Chicago],T-Mobile USA,37,179,85,15,728,0
2025-01-15T11:08:41-06:00[America/Chicago],T-Mobile USA,47,139,79,10,788,0
2025-01-15T11:14:16-06:00[America/Chicago],T-Mobile USA,49,133,65,8,713,0
2025-01-15T11:19:50-06:00[America/Chicago],T-Mobile USA,52,103,63,7,1269,0
2025-01-15T11:25:24-06:00[America/Chicago],T-Mobile USA,58,286,118,9,876,NaN
2025-01-15T11:30:58-06:00[America/Chicago],T-Mobile USA,44,143,67,9,985,0
2025-01-15T11:36:31-06:00[America/Chicago],T-Mobile USA,42,115,72,8,1764,0
2025-01-15T11:42:06-06:00[America/Chicago],T-Mobile USA,45,121,81,9,682,0
2025-01-15T11:47:40-06:00[America/Chicago],T-Mobile USA,45,133,62,9,1124,0
2025-01-15T11:53:14-06:00[America/Chicago],T-Mobile USA,47,123,65,10,376,0
2025-01-15T11:58:45-06:00[America/Chicago],T-Mobile USA,50,135,64,9,504,0
2025-01-15T12:04:19-06:00[America/Chicago],T-Mobile USA,42,114,66,10,1301,0
2025-01-15T12:09:53-06:00[America/Chicago],T-Mobile USA,43,113,62,9,1234,0
2025-01-15T12:15:24-06:00[America/Chicago],T-Mobile USA,56,380,289,8,245,0
2025-01-15T12:20:58-06:00[America/Chicago],T-Mobile USA,48,137,72,10,620,0
2025-01-15T12:26:26-06:00[America/Chicago],T-Mobile USA,47,88,82,9,500,0
2025-01-15T12:32:01-06:00[America/Chicago],T-Mobile USA,49,101,71,6,1070,0
2025-01-15T12:37:37-06:00[America/Chicago],T-Mobile USA,40,130,61,9,672,0
2025-01-15T12:43:12-06:00[America/Chicago],T-Mobile USA,51,125,66,8,978,0
2025-01-15T12:48:42-06:00[America/Chicago],T-Mobile USA,44,115,65,8,1182,0
2025-01-15T12:54:17-06:00[America/Chicago],T-Mobile USA,50,355,498,8,874,0
2025-01-15T12:59:51-06:00[America/Chicago],T-Mobile USA,48,111,69,7,1373,0
2025-01-15T13:05:25-06:00[America/Chicago],T-Mobile USA,54,131,74,9,515,0
2025-01-15T13:11:01-06:00[America/Chicago],T-Mobile USA,48,118,68,8,978,0
2025-01-15T13:16:36-06:00[America/Chicago],T-Mobile USA,46,121,75,6,817,0
2025-01-15T13:22:10-06:00[America/Chicago],T-Mobile USA,46,112,70,7,748,0
2025-01-15T13:27:44-06:00[America/Chicago],T-Mobile USA,46,133,73,7,900,0
2025-01-15T13:33:19-06:00[America/Chicago],T-Mobile USA,67,99,136,7,894,0
2025-01-15T13:38:53-06:00[America/Chicago],T-Mobile USA,46,90,84,6,504,0
2025-01-15T13:44:26-06:00[America/Chicago],T-Mobile USA,50,150,84,8,846,0
2025-01-15T13:50:00-06:00[America/Chicago],T-Mobile USA,42,112,76,5,1449,0
2025-01-15T13:55:38-06:00[America/Chicago],T-Mobile USA,59,243,200,5,836,0
2025-01-15T14:01:07-06:00[America/Chicago],T-Mobile USA,40,117,94,7,803,0
2025-01-15T14:12:09-06:00[America/Chicago],T-Mobile USA,51,136,90,6,822,0
2025-01-15T14:17:42-06:00[America/Chicago],T-Mobile USA,48,97,85,6,1645,0
2025-01-15T14:28:48-06:00[America/Chicago],T-Mobile USA,47,120,69,5,1377,0
2025-01-15T14:34:23-06:00[America/Chicago],T-Mobile USA,47,141,70,5,1602,0
2025-01-15T14:39:58-06:00[America/Chicago],T-Mobile USA,48,112,71,3,1376,0
2025-01-15T14:45:31-06:00[America/Chicago],T-Mobile USA,47,108,66,8,1176,0
2025-01-15T14:51:02-06:00[America/Chicago],T-Mobile USA,45,157,69,7,1040,0
2025-01-15T14:56:36-06:00[America/Chicago],T-Mobile USA,49,123,70,7,1059,0
2025-01-15T15:02:10-06:00[America/Chicago],T-Mobile USA,52,154,71,8,1380,0
2025-01-15T15:07:43-06:00[America/Chicago],T-Mobile USA,57,113,74,7,1074,0
2025-01-15T15:18:46-06:00[America/Chicago],T-Mobile USA,43,130,66,8,630,0
2025-01-15T15:24:20-06:00[America/Chicago],T-Mobile USA,53,129,71,9,1702,0
2025-01-15T15:35:25-06:00[America/Chicago],T-Mobile USA,44,119,80,7,956,0
2025-01-15T15:40:59-06:00[America/Chicago],T-Mobile USA,40,120,69,9,646,0
2025-01-15T15:46:35-06:00[America/Chicago],T-Mobile USA,47,107,73,5,1835,0
2025-01-15T15:52:09-06:00[America/Chicago],T-Mobile USA,44,109,80,6,1362,0
2025-01-15T15:57:43-06:00[America/Chicago],T-Mobile USA,43,116,69,7,1015,0
2025-01-15T16:08:45-06:00[America/Chicago],T-Mobile USA,44,113,68,7,1158,0
2025-01-15T16:14:18-06:00[America/Chicago],T-Mobile USA,66,285,181,8,524,0
2025-01-15T16:25:24-06:00[America/Chicago],T-Mobile USA,45,100,66,7,1285,0
2025-01-15T16:30:58-06:00[America/Chicago],T-Mobile USA,54,124,255,6,923,0
2025-01-15T16:36:32-06:00[America/Chicago],T-Mobile USA,53,171,135,6,1093,0
2025-01-15T16:42:06-06:00[America/Chicago],T-Mobile USA,41,140,74,8,626,0
2025-01-15T16:47:40-06:00[America/Chicago],T-Mobile USA,48,95,77,7,961,0
2025-01-15T16:53:16-06:00[America/Chicago],T-Mobile USA,40,115,70,7,749,0
2025-01-15T16:58:50-06:00[America/Chicago],T-Mobile USA,41,106,73,8,708,0
2025-01-15T17:04:17-06:00[America/Chicago],T-Mobile USA,43,102,68,7,655,0
2025-01-15T17:09:49-06:00[America/Chicago],T-Mobile USA,68,165,170,8,969,0
2025-01-15T17:15:20-06:00[America/Chicago],T-Mobile USA,42,125,68,9,874,0
2025-01-15T17:20:54-06:00[America/Chicago],T-Mobile USA,48,111,65,7,1118,0
2025-01-15T17:26:27-06:00[America/Chicago],T-Mobile USA,44,120,70,5,999,0
2025-01-15T17:32:02-06:00[America/Chicago],T-Mobile USA,49,141,76,10,518,0
2025-01-15T17:37:37-06:00[America/Chicago],T-Mobile USA,49,136,88,5,1980,0
2025-01-15T17:43:10-06:00[America/Chicago],T-Mobile USA,41,113,69,11,762,0
2025-01-15T17:48:39-06:00[America/Chicago],T-Mobile USA,47,319,491,11,893,0
2025-01-15T17:54:12-06:00[America/Chicago],T-Mobile USA,46,117,67,10,401,0
2025-01-15T17:59:46-06:00[America/Chicago],T-Mobile USA,49,136,70,9,1381,0
2025-01-15T18:05:20-06:00[America/Chicago],T-Mobile USA,53,112,70,9,1218,0
2025-01-15T18:10:54-06:00[America/Chicago],T-Mobile USA,47,96,78,8,1368,0
2025-01-15T18:16:28-06:00[America/Chicago],T-Mobile USA,50,118,71,4,1270,0
2025-01-15T18:22:02-06:00[America/Chicago],T-Mobile USA,53,98,69,12,1002,0
2025-01-15T18:27:36-06:00[America/Chicago],T-Mobile USA,41,105,71,9,707,0
2025-01-15T18:38:40-06:00[America/Chicago],T-Mobile USA,49,112,67,9,1131,0
2025-01-15T18:44:13-06:00[America/Chicago],T-Mobile USA,49,113,78,7,2147,0
2025-01-15T18:49:47-06:00[America/Chicago],T-Mobile USA,43,175,77,8,707,0
2025-01-15T18:55:21-06:00[America/Chicago],T-Mobile USA,47,138,76,7,1308,0
2025-01-15T19:00:48-06:00[America/Chicago],T-Mobile USA,53,151,124,8,515,0
2025-01-15T19:06:22-06:00[America/Chicago],T-Mobile USA,59,123,71,7,696,0
2025-01-15T19:11:58-06:00[America/Chicago],T-Mobile USA,45,126,67,8,1371,0
2025-01-15T19:17:30-06:00[America/Chicago],T-Mobile USA,69,198,129,9,1092,0
2025-01-15T19:22:58-06:00[America/Chicago],T-Mobile USA,45,96,86,9,1042,0
2025-01-15T19:28:24-06:00[America/Chicago],T-Mobile USA,48,120,70,7,1610,0
2025-01-15T19:33:58-06:00[America/Chicago],T-Mobile USA,56,102,71,10,1323,0
2025-01-15T19:39:33-06:00[America/Chicago],T-Mobile USA,46,104,76,9,691,0
2025-01-15T19:45:08-06:00[America/Chicago],T-Mobile USA,46,101,72,9,606,0
2025-01-15T19:50:42-06:00[America/Chicago],T-Mobile USA,49,157,98,9,1146,0
2025-01-15T19:56:17-06:00[America/Chicago],T-Mobile USA,42,330,807,12,210,0
2025-01-15T20:01:50-06:00[America/Chicago],T-Mobile USA,40,148,67,12,1509,0
2025-01-15T20:07:25-06:00[America/Chicago],T-Mobile USA,44,339,468,13,1307,0
2025-01-15T20:12:59-06:00[America/Chicago],T-Mobile USA,45,144,59,14,869,0
2025-01-15T20:18:29-06:00[America/Chicago],T-Mobile USA,45,141,64,13,919,0
2025-01-15T20:24:03-06:00[America/Chicago],T-Mobile USA,45,184,64,12,1525,0
2025-01-15T20:29:37-06:00[America/Chicago],T-Mobile USA,40,185,87,15,937,0
2025-01-15T20:35:11-06:00[America/Chicago],T-Mobile USA,40,176,65,12,1813,0
2025-01-15T20:40:39-06:00[America/Chicago],T-Mobile USA,43,333,711,10,1444,0
2025-01-15T20:46:09-06:00[America/Chicago],T-Mobile USA,52,363,449,10,1114,0
2025-01-15T20:51:43-06:00[America/Chicago],T-Mobile USA,42,111,67,8,1985,0
2025-01-15T20:57:17-06:00[America/Chicago],T-Mobile USA,48,96,69,9,887,0
2025-01-15T21:02:51-06:00[America/Chicago],T-Mobile USA,44,104,67,6,361,0
2025-01-15T21:08:25-06:00[America/Chicago],T-Mobile USA,44,146,76,10,1011,0
2025-01-15T21:14:02-06:00[America/Chicago],T-Mobile USA,49,313,328,6,613,0
2025-01-15T21:19:36-06:00[America/Chicago],T-Mobile USA,41,115,69,10,777,0
2025-01-15T21:25:10-06:00[America/Chicago],T-Mobile USA,44,120,77,9,570,0
2025-01-15T21:30:44-06:00[America/Chicago],T-Mobile USA,64,254,247,9,1178,0
2025-01-15T21:36:19-06:00[America/Chicago],T-Mobile USA,49,103,97,8,1291,0
2025-01-15T21:41:53-06:00[America/Chicago],T-Mobile USA,49,106,86,10,1097,0
2025-01-15T21:47:29-06:00[America/Chicago],T-Mobile USA,54,121,109,9,1128,0
2025-01-15T21:53:04-06:00[America/Chicago],T-Mobile USA,41,126,111,9,1098,0
2025-01-15T21:58:40-06:00[America/Chicago],T-Mobile USA,60,194,325,7,199,0
2025-01-15T22:04:15-06:00[America/Chicago],T-Mobile USA,46,89,92,8,625,0
2025-01-15T22:09:50-06:00[America/Chicago],T-Mobile USA,130,125,91,8,1243,0
2025-01-15T22:15:21-06:00[America/Chicago],T-Mobile USA,46,72,112,9,486,0
2025-01-15T22:20:55-06:00[America/Chicago],T-Mobile USA,45,121,114,8,1196,0
2025-01-15T22:26:30-06:00[America/Chicago],T-Mobile USA,58,242,280,9,1071,0
2025-01-15T22:32:03-06:00[America/Chicago],T-Mobile USA,40,190,73,15,802,0
2025-01-15T22:37:36-06:00[America/Chicago],T-Mobile USA,36,184,70,17,797,0
2025-01-15T22:43:10-06:00[America/Chicago],T-Mobile USA,40,172,54,13,NaN,21
2025-01-15T22:48:45-06:00[America/Chicago],T-Mobile USA,47,122,77,10,475,0
2025-01-15T22:54:17-06:00[America/Chicago],T-Mobile USA,43,120,76,11,593,0
2025-01-15T22:59:51-06:00[America/Chicago],T-Mobile USA,52,166,97,11,757,0
2025-01-15T23:05:25-06:00[America/Chicago],T-Mobile USA,41,120,66,11,700,0
2025-01-15T23:10:59-06:00[America/Chicago],T-Mobile USA,41,120,69,12,418,0
2025-01-15T23:21:49-06:00[America/Chicago],T-Mobile USA,43,130,71,10,1128,0
2025-01-15T23:27:23-06:00[America/Chicago],T-Mobile USA,44,113,68,10,1041,0
2025-01-15T23:32:57-06:00[America/Chicago],T-Mobile USA,45,121,65,10,841,0
2025-01-15T23:38:31-06:00[America/Chicago],T-Mobile USA,49,125,69,11,583,0
2025-01-15T23:44:02-06:00[America/Chicago],T-Mobile USA,43,125,68,12,732,0
2025-01-15T23:49:36-06:00[America/Chicago],T-Mobile USA,45,128,73,8,1057,0
2025-01-15T23:55:10-06:00[America/Chicago],T-Mobile USA,43,114,64,11,390,0
2025-01-16T00:00:43-06:00[America/Chicago],T-Mobile USA,47,104,67,11,636,0
2025-01-16T00:11:50-06:00[America/Chicago],T-Mobile USA,42,113,67,9,1121,0
2025-01-16T00:17:26-06:00[America/Chicago],T-Mobile USA,46,109,68,12,767,0
2025-01-16T00:23:01-06:00[America/Chicago],T-Mobile USA,49,141,66,11,973,0
2025-01-16T00:28:37-06:00[America/Chicago],T-Mobile USA,46,151,71,12,523,0
2025-01-16T00:34:11-06:00[America/Chicago],T-Mobile USA,52,100,63,10,731,0
2025-01-16T00:39:40-06:00[America/Chicago],T-Mobile USA,43,99,61,12,886,0
2025-01-16T00:45:12-06:00[America/Chicago],T-Mobile USA,55,393,320,11,995,0
2025-01-16T00:50:39-06:00[America/Chicago],T-Mobile USA,61,199,331,12,961,0
2025-01-16T00:56:14-06:00[America/Chicago],T-Mobile USA,45,121,66,11,555,0
2025-01-16T01:01:48-06:00[America/Chicago],T-Mobile USA,47,134,69,12,626,0
2025-01-16T01:07:22-06:00[America/Chicago],T-Mobile USA,46,109,63,12,459,0
2025-01-16T01:13:00-06:00[America/Chicago],T-Mobile USA,50,107,67,5,514,0
2025-01-16T01:18:35-06:00[America/Chicago],T-Mobile USA,58,267,100,11,803,NaN
2025-01-16T01:24:09-06:00[America/Chicago],T-Mobile USA,42,103,66,11,243,0
2025-01-16T01:35:01-06:00[America/Chicago],T-Mobile USA,45,156,71,13,316,0
2025-01-16T01:40:34-06:00[America/Chicago],T-Mobile USA,48,103,67,12,815,0
2025-01-16T01:46:07-06:00[America/Chicago],T-Mobile USA,39,104,69,10,499,0
2025-01-16T01:51:42-06:00[America/Chicago],T-Mobile USA,52,408,440,12,425,0
2025-01-16T01:57:16-06:00[America/Chicago],T-Mobile USA,51,110,64,13,594,0
2025-01-16T02:02:49-06:00[America/Chicago],T-Mobile USA,49,114,70,12,448,0
2025-01-16T02:08:24-06:00[America/Chicago],T-Mobile USA,48,107,64,12,738,0
2025-01-16T02:13:59-06:00[America/Chicago],T-Mobile USA,54,425,386,9,1127,0
2025-01-16T02:19:33-06:00[America/Chicago],T-Mobile USA,49,159,74,12,501,0
2025-01-16T02:25:07-06:00[America/Chicago],T-Mobile USA,46,432,649,10,773,0
2025-01-16T02:30:41-06:00[America/Chicago],T-Mobile USA,46,239,89,11,375,0
2025-01-16T02:36:15-06:00[America/Chicago],T-Mobile USA,42,254,101,13,816,0
2025-01-16T02:41:48-06:00[America/Chicago],T-Mobile USA,42,135,77,12,365,0
2025-01-16T02:47:23-06:00[America/Chicago],T-Mobile USA,48,267,90,12,546,0
2025-01-16T02:58:22-06:00[America/Chicago],T-Mobile USA,49,103,64,10,609,0
2025-01-16T03:03:54-06:00[America/Chicago],T-Mobile USA,42,107,62,10,1020,0
2025-01-16T03:09:28-06:00[America/Chicago],T-Mobile USA,59,238,90,12,879,0
2025-01-16T03:15:03-06:00[America/Chicago],T-Mobile USA,40,278,97,9,1055,0
2025-01-16T03:20:36-06:00[America/Chicago],T-Mobile USA,46,116,68,18,679,0
2025-01-16T03:26:10-06:00[America/Chicago],T-Mobile USA,44,259,97,12,930,0
2025-01-16T03:31:44-06:00[America/Chicago],T-Mobile USA,50,319,123,13,766,0
2025-01-16T03:37:18-06:00[America/Chicago],T-Mobile USA,46,108,68,11,723,0
2025-01-16T03:42:51-06:00[America/Chicago],T-Mobile USA,48,116,65,8,408,0
2025-01-16T03:48:26-06:00[America/Chicago],T-Mobile USA,48,129,65,9,737,0
2025-01-16T03:54:00-06:00[America/Chicago],T-Mobile USA,45,323,102,8,702,0
2025-01-16T03:59:32-06:00[America/Chicago],T-Mobile USA,44,288,93,7,439,0
2025-01-16T04:05:06-06:00[America/Chicago],T-Mobile USA,50,319,101,8,1392,0
2025-01-16T04:10:40-06:00[America/Chicago],T-Mobile USA,47,260,92,8,1033,0
2025-01-16T04:21:43-06:00[America/Chicago],T-Mobile USA,49,325,110,7,1395,0
2025-01-16T04:27:18-06:00[America/Chicago],T-Mobile USA,48,129,71,7,495,0
2025-01-16T04:32:52-06:00[America/Chicago],T-Mobile USA,45,164,72,4,1126,0
2025-01-16T04:38:27-06:00[America/Chicago],T-Mobile USA,41,174,74,10,743,0
2025-01-16T04:44:02-06:00[America/Chicago],T-Mobile USA,44,285,117,9,1205,0
2025-01-16T04:55:02-06:00[America/Chicago],T-Mobile USA,43,107,66,8,1589,0
2025-01-16T05:00:36-06:00[America/Chicago],T-Mobile USA,43,101,63,8,1307,0
2025-01-16T05:11:42-06:00[America/Chicago],T-Mobile USA,45,158,75,9,1041,0
2025-01-16T05:17:15-06:00[America/Chicago],T-Mobile USA,52,116,67,10,861,0
2025-01-16T05:22:49-06:00[America/Chicago],T-Mobile USA,59,231,96,9,814,NaN
2025-01-16T05:28:22-06:00[America/Chicago],T-Mobile USA,45,115,69,9,1153,0
2025-01-16T05:33:56-06:00[America/Chicago],T-Mobile USA,48,112,69,8,545,0
2025-01-16T05:39:32-06:00[America/Chicago],T-Mobile USA,50,136,85,6,625,0
2025-01-16T05:45:06-06:00[America/Chicago],T-Mobile USA,48,125,67,7,898,0
2025-01-16T05:50:40-06:00[America/Chicago],T-Mobile USA,47,114,66,6,598,0
2025-01-16T05:56:14-06:00[America/Chicago],T-Mobile USA,47,116,68,9,1028,0
2025-01-16T06:01:48-06:00[America/Chicago],T-Mobile USA,44,131,69,6,710,0
2025-01-16T06:07:21-06:00[America/Chicago],T-Mobile USA,56,150,71,9,678,0
2025-01-16T06:18:16-06:00[America/Chicago],T-Mobile USA,54,112,70,11,577,0
2025-01-16T06:23:51-06:00[America/Chicago],T-Mobile USA,43,129,75,11,597,0
2025-01-16T06:29:24-06:00[America/Chicago],T-Mobile USA,44,124,65,19,847,0
2025-01-16T06:34:55-06:00[America/Chicago],T-Mobile USA,46,97,81,10,843,0
2025-01-16T06:40:26-06:00[America/Chicago],T-Mobile USA,40,242,75,12,887,0
2025-01-16T06:45:52-06:00[America/Chicago],T-Mobile USA,56,311,253,12,842,0
2025-01-16T06:51:26-06:00[America/Chicago],T-Mobile USA,43,109,78,12,707,0
2025-01-16T06:57:00-06:00[America/Chicago],T-Mobile USA,47,128,75,10,784,0
2025-01-16T07:02:32-06:00[America/Chicago],T-Mobile USA,57,349,271,11,631,0
2025-01-16T07:08:07-06:00[America/Chicago],T-Mobile USA,46,106,64,9,1622,0
2025-01-16T07:13:41-06:00[America/Chicago],T-Mobile USA,47,156,89,9,2433,0
2025-01-16T07:19:15-06:00[America/Chicago],T-Mobile USA,54,172,130,14,670,0
2025-01-16T07:24:44-06:00[America/Chicago],T-Mobile USA,50,122,77,10,751,0
2025-01-16T07:30:18-06:00[America/Chicago],T-Mobile USA,46,123,64,9,1609,0
2025-01-16T07:35:53-06:00[America/Chicago],T-Mobile USA,75,234,99,11,357,0
2025-01-16T07:41:26-06:00[America/Chicago],T-Mobile USA,64,178,208,10,1128,0
2025-01-16T07:47:01-06:00[America/Chicago],T-Mobile USA,48,134,68,9,1523,0
2025-01-16T07:52:36-06:00[America/Chicago],T-Mobile USA,47,121,61,9,885,0
2025-01-16T07:58:10-06:00[America/Chicago],T-Mobile USA,46,273,76,15,777,0
2025-01-16T08:03:44-06:00[America/Chicago],T-Mobile USA,48,110,68,11,1162,0
2025-01-16T08:09:18-06:00[America/Chicago],T-Mobile USA,44,233,86,9,930,0
2025-01-16T08:14:54-06:00[America/Chicago],T-Mobile USA,45,214,60,16,944,0
2025-01-16T08:20:23-06:00[America/Chicago],T-Mobile USA,108,260,263,11,685,0
2025-01-16T08:25:57-06:00[America/Chicago],T-Mobile USA,49,132,73,8,421,0
2025-01-16T08:31:31-06:00[America/Chicago],T-Mobile USA,44,164,87,9,909,0
2025-01-16T08:37:05-06:00[America/Chicago],T-Mobile USA,40,229,77,14,1315,0
2025-01-16T08:42:36-06:00[America/Chicago],T-Mobile USA,59,323,266,10,676,0
2025-01-16T08:48:11-06:00[America/Chicago],T-Mobile USA,47,133,75,10,585,0
2025-01-16T08:53:45-06:00[America/Chicago],T-Mobile USA,46,114,70,10,1109,0
2025-01-16T08:59:19-06:00[America/Chicago],T-Mobile USA,57,167,76,10,751,0
2025-01-16T09:04:53-06:00[America/Chicago],T-Mobile USA,49,112,68,10,1285,0
2025-01-16T09:10:28-06:00[America/Chicago],T-Mobile USA,46,125,63,9,604,0
2025-01-16T09:16:01-06:00[America/Chicago],T-Mobile USA,40,104,74,10,429,0
2025-01-16T09:21:37-06:00[America/Chicago],T-Mobile USA,48,116,69,6,1212,0
2025-01-16T09:27:06-06:00[America/Chicago],T-Mobile USA,50,126,82,7,809,0
2025-01-16T09:32:40-06:00[America/Chicago],T-Mobile USA,42,229,117,4,1192,0
2025-01-16T09:38:14-06:00[America/Chicago],T-Mobile USA,44,190,71,9,1862,0
2025-01-16T09:43:49-06:00[America/Chicago],T-Mobile USA,47,98,82,11,968,0
2025-01-16T09:49:22-06:00[America/Chicago],T-Mobile USA,53,95,69,12,764,NaN
2025-01-16T09:54:56-06:00[America/Chicago],T-Mobile USA,43,110,67,12,761,0
2025-01-16T10:00:24-06:00[America/Chicago],T-Mobile USA,46,117,66,8,854,0
2025-01-16T10:11:32-06:00[America/Chicago],T-Mobile USA,48,118,94,7,1681,0
2025-01-16T10:17:03-06:00[America/Chicago],T-Mobile USA,47,136,88,7,1180,0
2025-01-16T10:22:37-06:00[America/Chicago],T-Mobile USA,44,113,77,5,745,0
2025-01-16T10:28:12-06:00[America/Chicago],T-Mobile USA,45,106,98,6,744,0
2025-01-16T10:33:43-06:00[America/Chicago],T-Mobile USA,62,209,210,6,887,0
2025-01-16T10:44:49-06:00[America/Chicago],T-Mobile USA,46,211,82,10,757,0
2025-01-16T10:50:23-06:00[America/Chicago],T-Mobile USA,60,170,87,7,932,0
2025-01-16T10:55:57-06:00[America/Chicago],T-Mobile USA,45,119,77,8,610,0
2025-01-16T11:01:31-06:00[America/Chicago],T-Mobile USA,49,114,74,5,2393,0
2025-01-16T11:06:57-06:00[America/Chicago],T-Mobile USA,57,29,162,7,1164,0
2025-01-16T11:12:31-06:00[America/Chicago],T-Mobile USA,57,120,67,9,1579,0
2025-01-16T11:18:04-06:00[America/Chicago],T-Mobile USA,65,282,260,13,727,0
2025-01-16T11:23:38-06:00[America/Chicago],T-Mobile USA,43,162,72,9,756,0
2025-01-16T11:29:12-06:00[America/Chicago],T-Mobile USA,46,113,64,7,1149,0
2025-01-16T11:34:47-06:00[America/Chicago],T-Mobile USA,47,161,91,9,1056,0
2025-01-16T11:40:17-06:00[America/Chicago],T-Mobile USA,45,122,87,8,984,0
2025-01-16T11:45:51-06:00[America/Chicago],T-Mobile USA,46,425,576,8,141,0
2025-01-16T11:51:25-06:00[America/Chicago],T-Mobile USA,60,291,313,6,859,0
2025-01-16T11:57:00-06:00[America/Chicago],T-Mobile USA,47,435,667,8,1698,0
2025-01-16T12:02:36-06:00[America/Chicago],T-Mobile USA,57,210,210,9,867,0
2025-01-16T12:08:10-06:00[America/Chicago],T-Mobile USA,45,135,70,9,863,0
2025-01-16T12:13:44-06:00[America/Chicago],T-Mobile USA,48,127,117,11,1170,0
2025-01-16T12:24:44-06:00[America/Chicago],T-Mobile USA,58,249,345,5,509,1
2025-01-16T12:30:15-06:00[America/Chicago],T-Mobile USA,52,293,590,8,510,0
2025-01-16T12:35:49-06:00[America/Chicago],T-Mobile USA,47,284,508,7,1569,0
2025-01-16T12:41:22-06:00[America/Chicago],T-Mobile USA,49,344,451,13,703,0
2025-01-16T12:46:56-06:00[America/Chicago],T-Mobile USA,45,158,84,9,1139,0
2025-01-16T12:52:28-06:00[America/Chicago],T-Mobile USA,41,249,204,9,554,0
2025-01-16T12:58:00-06:00[America/Chicago],T-Mobile USA,60,280,376,15,309,0
2025-01-16T13:03:30-06:00[America/Chicago],T-Mobile USA,52,339,374,9,538,0
2025-01-16T13:09:05-06:00[America/Chicago],T-Mobile USA,58,227,305,10,690,0
2025-01-16T13:14:36-06:00[America/Chicago],T-Mobile USA,59,208,219,7,1013,0
2025-01-16T13:20:11-06:00[America/Chicago],T-Mobile USA,62,165,452,7,2414,0
2025-01-16T13:25:43-06:00[America/Chicago],T-Mobile USA,57,206,256,8,1041,0
2025-01-16T13:31:16-06:00[America/Chicago],T-Mobile USA,47,119,90,8,761,0
2025-01-16T13:36:51-06:00[America/Chicago],T-Mobile USA,62,216,226,9,1471,0
2025-01-16T13:42:26-06:00[America/Chicago],T-Mobile USA,50,127,86,7,562,0
2025-01-16T13:47:48-06:00[America/Chicago],T-Mobile USA,49,276,724,7,1984,2
2025-01-16T13:53:24-06:00[America/Chicago],T-Mobile USA,50,131,79,6,886,0
2025-01-16T13:58:58-06:00[America/Chicago],T-Mobile USA,47,317,735,13,1174,0
2025-01-16T14:04:30-06:00[America/Chicago],T-Mobile USA,48,288,738,10,1237,0
2025-01-16T14:10:05-06:00[America/Chicago],T-Mobile USA,58,123,107,9,1179,0
2025-01-16T14:20:57-06:00[America/Chicago],T-Mobile USA,82,332,838,15,876,0
2025-01-16T14:26:30-06:00[America/Chicago],T-Mobile USA,47,314,350,10,1474,0
2025-01-16T14:32:00-06:00[America/Chicago],T-Mobile USA,52,280,569,8,1350,0
2025-01-16T14:37:27-06:00[America/Chicago],T-Mobile USA,43,289,606,4,1015,0
2025-01-16T14:43:01-06:00[America/Chicago],T-Mobile USA,60,187,166,9,725,0
2025-01-16T14:48:33-06:00[America/Chicago],T-Mobile USA,40,276,911,8,1375,2
2025-01-16T14:54:06-06:00[America/Chicago],T-Mobile USA,55,232,248,8,823,0
2025-01-16T15:04:57-06:00[America/Chicago],T-Mobile USA,49,352,729,9,913,0
2025-01-16T15:10:31-06:00[America/Chicago],T-Mobile USA,46,271,413,9,1159,1
2025-01-16T15:16:05-06:00[America/Chicago],T-Mobile USA,54,142,193,11,1048,0
2025-01-16T15:21:39-06:00[America/Chicago],T-Mobile USA,42,103,95,6,1135,0
2025-01-16T15:27:12-06:00[America/Chicago],T-Mobile USA,64,182,234,9,1302,0
2025-01-16T15:32:47-06:00[America/Chicago],T-Mobile USA,51,104,73,10,1224,0
2025-01-16T15:38:22-06:00[America/Chicago],T-Mobile USA,47,119,75,9,595,0
2025-01-16T15:43:57-06:00[America/Chicago],T-Mobile USA,45,122,73,9,306,0
2025-01-16T15:49:26-06:00[America/Chicago],T-Mobile USA,45,325,391,7,702,0
2025-01-16T15:55:00-06:00[America/Chicago],T-Mobile USA,40,113,76,9,1552,0
2025-01-16T16:00:41-06:00[America/Chicago],T-Mobile USA,44,122,78,8,1084,0
2025-01-16T16:11:35-06:00[America/Chicago],T-Mobile USA,56,307,467,10,1228,0
2025-01-16T16:17:05-06:00[America/Chicago],T-Mobile USA,57,207,290,8,562,0
2025-01-16T16:22:40-06:00[America/Chicago],T-Mobile USA,41,129,96,8,1131,0
2025-01-16T16:28:14-06:00[America/Chicago],T-Mobile USA,40,121,79,11,1237,0
2025-01-16T16:33:41-06:00[America/Chicago],T-Mobile USA,47,122,94,8,287,0
2025-01-16T16:39:16-06:00[America/Chicago],T-Mobile USA,39,109,71,10,1861,0
2025-01-16T16:44:49-06:00[America/Chicago],T-Mobile USA,45,271,537,10,932,0
2025-01-16T16:50:21-06:00[America/Chicago],T-Mobile USA,40,291,358,9,688,0
2025-01-16T16:55:51-06:00[America/Chicago],T-Mobile USA,44,273,529,9,1038,0
2025-01-16T17:01:24-06:00[America/Chicago],T-Mobile USA,47,261,399,8,1072,0
2025-01-16T17:06:55-06:00[America/Chicago],T-Mobile USA,46,300,297,9,1234,0
2025-01-16T17:12:29-06:00[America/Chicago],T-Mobile USA,43,115,83,10,614,0
2025-01-16T17:18:02-06:00[America/Chicago],T-Mobile USA,42,118,71,9,1007,1
2025-01-16T17:23:30-06:00[America/Chicago],T-Mobile USA,49,282,263,8,1208,0
2025-01-16T17:34:17-06:00[America/Chicago],T-Mobile USA,47,122,79,4,431,0
2025-01-16T17:39:51-06:00[America/Chicago],T-Mobile USA,43,123,75,9,522,0
2025-01-16T17:50:25-06:00[America/Chicago],T-Mobile USA,46,107,77,11,849,0
2025-01-16T17:55:48-06:00[America/Chicago],T-Mobile USA,52,155,124,11,602,NaN
2025-01-16T18:06:53-06:00[America/Chicago],T-Mobile USA,48,93,87,11,878,0
2025-01-16T18:12:26-06:00[America/Chicago],T-Mobile USA,51,229,195,9,1048,0
2025-01-16T18:17:59-06:00[America/Chicago],T-Mobile USA,46,104,73,6,1228,0
2025-01-16T18:23:33-06:00[America/Chicago],T-Mobile USA,41,125,71,7,1344,0
2025-01-16T18:29:06-06:00[America/Chicago],T-Mobile USA,42,105,78,7,810,0
2025-01-16T18:34:41-06:00[America/Chicago],T-Mobile USA,40,125,75,2,3036,0
2025-01-16T18:40:14-06:00[America/Chicago],T-Mobile USA,45,116,68,8,1227,0
2025-01-16T18:45:48-06:00[America/Chicago],T-Mobile USA,47,88,81,10,1031,0
2025-01-16T18:51:22-06:00[America/Chicago],T-Mobile USA,48,139,80,9,1179,0
2025-01-16T18:56:56-06:00[America/Chicago],T-Mobile USA,49,115,66,8,1305,0
2025-01-16T19:02:30-06:00[America/Chicago],T-Mobile USA,41,104,69,8,649,0
2025-01-16T19:08:04-06:00[America/Chicago],T-Mobile USA,45,131,66,9,982,0
2025-01-16T19:13:34-06:00[America/Chicago],T-Mobile USA,58,174,111,11,720,NaN
2025-01-16T19:19:09-06:00[America/Chicago],T-Mobile USA,55,256,226,9,865,0
2025-01-16T19:24:44-06:00[America/Chicago],T-Mobile USA,49,95,72,10,1162,0
2025-01-16T19:30:31-06:00[America/Chicago],T-Mobile USA,594,199,583,5,559,NaN
2025-01-16T19:36:05-06:00[America/Chicago],T-Mobile USA,44,98,104,11,1648,0
2025-01-16T19:41:37-06:00[America/Chicago],T-Mobile USA,53,202,686,11,1128,0
2025-01-16T19:47:11-06:00[America/Chicago],T-Mobile USA,42,97,71,10,360,0
2025-01-16T19:52:42-06:00[America/Chicago],T-Mobile USA,47,222,777,10,613,2
2025-01-16T19:58:16-06:00[America/Chicago],T-Mobile USA,55,109,71,8,1048,0
2025-01-16T20:03:50-06:00[America/Chicago],T-Mobile USA,40,101,70,6,435,0
2025-01-16T20:09:19-06:00[America/Chicago],T-Mobile USA,52,166,368,8,773,0
2025-01-16T20:14:53-06:00[America/Chicago],T-Mobile USA,46,140,87,8,730,0
2025-01-16T20:20:27-06:00[America/Chicago],T-Mobile USA,42,140,99,8,1264,0
2025-01-16T20:26:01-06:00[America/Chicago],T-Mobile USA,57,153,246,11,1182,0
2025-01-16T20:31:37-06:00[America/Chicago],T-Mobile USA,41,108,136,10,904,0
2025-01-16T20:37:11-06:00[America/Chicago],T-Mobile USA,41,91,88,9,1068,0
2025-01-16T20:42:45-06:00[America/Chicago],T-Mobile USA,43,162,110,9,1076,0
2025-01-16T20:48:19-06:00[America/Chicago],T-Mobile USA,43,126,84,9,1130,0
2025-01-16T20:53:50-06:00[America/Chicago],T-Mobile USA,44,164,198,9,956,0
2025-01-16T20:59:24-06:00[America/Chicago],T-Mobile USA,45,139,113,10,389,0
2025-01-16T21:10:11-06:00[America/Chicago],T-Mobile USA,40,139,107,9,466,0
2025-01-16T21:15:45-06:00[America/Chicago],T-Mobile USA,50,101,91,8,653,0
2025-01-16T21:21:18-06:00[America/Chicago],T-Mobile USA,48,120,88,7,586,0
2025-01-16T21:26:51-06:00[America/Chicago],T-Mobile USA,42,187,85,12,1402,0
2025-01-16T21:32:25-06:00[America/Chicago],T-Mobile USA,43,186,96,11,1236,0
2025-01-16T21:37:59-06:00[America/Chicago],T-Mobile USA,50,156,92,10,935,0
2025-01-16T21:43:34-06:00[America/Chicago],T-Mobile USA,49,87,115,10,753,0
2025-01-16T21:49:04-06:00[America/Chicago],T-Mobile USA,48,78,130,9,1356,0
2025-01-16T21:54:39-06:00[America/Chicago],T-Mobile USA,48,95,76,6,1518,0
2025-01-16T22:00:13-06:00[America/Chicago],T-Mobile USA,53,187,209,7,609,0
2025-01-16T22:05:48-06:00[America/Chicago],T-Mobile USA,48,101,73,8,777,0
2025-01-16T22:11:22-06:00[America/Chicago],T-Mobile USA,48,83,84,10,1402,0
2025-01-16T22:16:56-06:00[America/Chicago],T-Mobile USA,54,126,104,10,460,0
2025-01-16T22:22:30-06:00[America/Chicago],T-Mobile USA,45,95,86,9,1125,0
2025-01-16T22:28:01-06:00[America/Chicago],T-Mobile USA,60,180,386,8,1174,0
2025-01-16T22:33:36-06:00[America/Chicago],T-Mobile USA,53,123,77,9,938,0
2025-01-16T22:39:10-06:00[America/Chicago],T-Mobile USA,40,122,70,9,977,0
2025-01-16T22:44:44-06:00[America/Chicago],T-Mobile USA,44,142,81,8,530,0
2025-01-16T22:50:18-06:00[America/Chicago],T-Mobile USA,53,111,84,7,787,0
2025-01-16T22:55:53-06:00[America/Chicago],T-Mobile USA,50,147,87,9,1777,0
2025-01-16T23:01:24-06:00[America/Chicago],T-Mobile USA,46,82,89,9,520,0
2025-01-16T23:06:58-06:00[America/Chicago],T-Mobile USA,51,127,69,10,302,0
2025-01-16T23:12:33-06:00[America/Chicago],T-Mobile USA,61,191,197,9,1153,0
2025-01-16T23:23:27-06:00[America/Chicago],T-Mobile USA,45,163,97,8,564,0
2025-01-16T23:28:59-06:00[America/Chicago],T-Mobile USA,52,226,136,10,1051,0
2025-01-16T23:34:26-06:00[America/Chicago],T-Mobile USA,40,117,70,6,1365,0
2025-01-16T23:39:55-06:00[America/Chicago],T-Mobile USA,43,115,60,9,906,0
2025-01-16T23:45:29-06:00[America/Chicago],T-Mobile USA,60,141,107,9,1170,0
2025-01-16T23:56:11-06:00[America/Chicago],T-Mobile USA,45,152,86,11,965,0
2025-01-17T00:01:44-06:00[America/Chicago],T-Mobile USA,44,126,77,10,841,0
2025-01-17T00:12:45-06:00[America/Chicago],T-Mobile USA,42,354,553,9,993,0
2025-01-17T00:18:17-06:00[America/Chicago],T-Mobile USA,49,363,834,8,975,0
2025-01-17T00:23:50-06:00[America/Chicago],T-Mobile USA,44,115,66,8,907,0
2025-01-17T00:29:25-06:00[America/Chicago],T-Mobile USA,41,309,793,9,1588,0
2025-01-17T00:34:52-06:00[America/Chicago],T-Mobile USA,43,272,878,10,1433,0
2025-01-17T00:40:26-06:00[America/Chicago],T-Mobile USA,42,178,85,9,571,0
2025-01-17T00:46:01-06:00[America/Chicago],T-Mobile USA,42,372,729,9,891,0
2025-01-17T00:51:32-06:00[America/Chicago],T-Mobile USA,40,274,760,10,1450,0
2025-01-17T00:57:06-06:00[America/Chicago],T-Mobile USA,40,384,897,10,745,0
2025-01-17T01:02:40-06:00[America/Chicago],T-Mobile USA,44,403,727,9,681,0
2025-01-17T01:08:14-06:00[America/Chicago],T-Mobile USA,55,166,74,9,790,0
2025-01-17T01:13:47-06:00[America/Chicago],T-Mobile USA,46,105,64,9,772,0
2025-01-17T01:19:21-06:00[America/Chicago],T-Mobile USA,47,112,66,10,303,0
2025-01-17T01:24:53-06:00[America/Chicago],T-Mobile USA,45,368,745,9,835,0
2025-01-17T01:30:26-06:00[America/Chicago],T-Mobile USA,48,380,672,10,900,0
2025-01-17T01:36:00-06:00[America/Chicago],T-Mobile USA,40,155,73,8,879,0
2025-01-17T01:41:36-06:00[America/Chicago],T-Mobile USA,51,125,69,10,801,0
2025-01-17T01:47:11-06:00[America/Chicago],T-Mobile USA,48,380,771,9,1479,0
2025-01-17T01:52:42-06:00[America/Chicago],T-Mobile USA,48,303,862,9,1781,0
2025-01-17T01:58:06-06:00[America/Chicago],T-Mobile USA,44,359,1160,8,226,0
2025-01-17T02:03:41-06:00[America/Chicago],T-Mobile USA,45,401,803,9,641,0
2025-01-17T02:09:16-06:00[America/Chicago],T-Mobile USA,46,154,80,9,1217,0
2025-01-17T02:14:51-06:00[America/Chicago],T-Mobile USA,46,363,887,9,1240,0
2025-01-17T02:20:26-06:00[America/Chicago],T-Mobile USA,48,386,737,9,1316,0
2025-01-17T02:25:59-06:00[America/Chicago],T-Mobile USA,44,126,71,8,2299,0
2025-01-17T02:31:36-06:00[America/Chicago],T-Mobile USA,48,227,95,9,1029,0
2025-01-17T02:37:09-06:00[America/Chicago],T-Mobile USA,56,104,63,5,1985,0
2025-01-17T02:42:43-06:00[America/Chicago],T-Mobile USA,45,140,86,9,562,0
2025-01-17T02:48:19-06:00[America/Chicago],T-Mobile USA,40,111,68,10,735,0
2025-01-17T02:59:24-06:00[America/Chicago],T-Mobile USA,41,200,73,9,656,0
2025-01-17T03:04:58-06:00[America/Chicago],T-Mobile USA,49,106,67,10,958,0
2025-01-17T03:16:03-06:00[America/Chicago],T-Mobile USA,50,147,82,8,1105,0
2025-01-17T03:21:38-06:00[America/Chicago],T-Mobile USA,62,394,354,9,859,0
2025-01-17T03:32:41-06:00[America/Chicago],T-Mobile USA,68,368,343,9,834,NaN
2025-01-17T03:38:15-06:00[America/Chicago],T-Mobile USA,43,115,71,9,712,0
2025-01-17T03:43:49-06:00[America/Chicago],T-Mobile USA,49,132,70,7,574,0
2025-01-17T03:49:23-06:00[America/Chicago],T-Mobile USA,44,161,84,10,754,0
2025-01-17T03:54:58-06:00[America/Chicago],T-Mobile USA,43,112,69,8,1275,0
2025-01-17T04:00:29-06:00[America/Chicago],T-Mobile USA,48,120,71,9,1130,0
2025-01-17T04:06:02-06:00[America/Chicago],T-Mobile USA,49,401,789,8,1591,0
2025-01-17T04:11:37-06:00[America/Chicago],T-Mobile USA,61,100,67,8,865,0
2025-01-17T04:17:11-06:00[America/Chicago],T-Mobile USA,44,174,78,4,1545,0
2025-01-17T04:22:46-06:00[America/Chicago],T-Mobile USA,43,420,665,7,1616,0
2025-01-17T04:28:21-06:00[America/Chicago],T-Mobile USA,50,107,75,9,513,0
2025-01-17T04:33:53-06:00[America/Chicago],T-Mobile USA,51,269,715,9,598,20
2025-01-17T04:39:27-06:00[America/Chicago],T-Mobile USA,48,315,128,9,660,0
2025-01-17T04:44:57-06:00[America/Chicago],T-Mobile USA,60,334,335,8,886,0
2025-01-17T04:55:59-06:00[America/Chicago],T-Mobile USA,40,108,68,10,1205,0
2025-01-17T05:01:32-06:00[America/Chicago],T-Mobile USA,47,318,150,8,1542,0
2025-01-17T05:07:06-06:00[America/Chicago],T-Mobile USA,48,277,115,7,925,0
2025-01-17T05:12:41-06:00[America/Chicago],T-Mobile USA,50,137,75,9,456,0
2025-01-17T05:18:13-06:00[America/Chicago],T-Mobile USA,45,160,69,10,924,0
2025-01-17T05:23:46-06:00[America/Chicago],T-Mobile USA,47,112,66,10,665,0
2025-01-17T05:29:20-06:00[America/Chicago],T-Mobile USA,46,124,71,11,566,0
2025-01-17T05:34:48-06:00[America/Chicago],T-Mobile USA,49,111,65,9,814,0
2025-01-17T05:40:22-06:00[America/Chicago],T-Mobile USA,47,147,76,9,691,0
2025-01-17T05:45:57-06:00[America/Chicago],T-Mobile USA,46,129,72,7,1579,0
2025-01-17T05:51:32-06:00[America/Chicago],T-Mobile USA,40,102,63,9,597,0
2025-01-17T05:57:06-06:00[America/Chicago],T-Mobile USA,46,136,69,6,856,0
2025-01-17T06:02:39-06:00[America/Chicago],T-Mobile USA,64,275,167,8,571,0
2025-01-17T06:08:12-06:00[America/Chicago],T-Mobile USA,63,218,105,9,409,0
2025-01-17T06:43:38-06:00[America/Chicago],T-Mobile USA,43,126,69,10,645,0
2025-01-17T07:44:36-06:00[America/Chicago],T-Mobile USA,46,286,551,10,600,0
2025-01-17T08:15:06-06:00[America/Chicago],T-Mobile USA,45,315,388,10,568,0
2025-01-17T08:45:41-06:00[America/Chicago],T-Mobile USA,41,339,494,10,937,0
2025-01-17T09:16:08-06:00[America/Chicago],T-Mobile USA,72,142,211,7,1085,0
2025-01-17T09:46:39-06:00[America/Chicago],T-Mobile USA,64,206,309,7,818,0
2025-01-17T10:17:12-06:00[America/Chicago],T-Mobile USA,45,347,377,8,1336,0
2025-01-17T10:47:47-06:00[America/Chicago],T-Mobile USA,47,137,68,8,448,0
2025-01-17T11:18:21-06:00[America/Chicago],T-Mobile USA,45,120,67,10,836,0
2025-01-17T12:14:40-06:00[America/Chicago],T-Mobile USA,59,232,195,12,532,NaN
2025-01-17T13:15:44-06:00[America/Chicago],T-Mobile USA,40,356,697,9,1035,0
2025-01-17T13:46:21-06:00[America/Chicago],T-Mobile USA,47,379,552,6,1606,0
2025-01-17T14:47:25-06:00[America/Chicago],T-Mobile USA,57,320,461,8,824,0
2025-01-17T15:17:55-06:00[America/Chicago],T-Mobile USA,44,293,367,4,1097,0
2025-01-17T15:48:29-06:00[America/Chicago],T-Mobile USA,40,124,78,9,1145,0
2025-01-17T16:18:58-06:00[America/Chicago],T-Mobile USA,46,126,71,10,1048,0
2025-01-17T16:49:29-06:00[America/Chicago],T-Mobile USA,47,366,406,9,933,0
2025-01-17T17:20:01-06:00[America/Chicago],T-Mobile USA,46,319,411,9,944,0
2025-01-17T17:50:33-06:00[America/Chicago],T-Mobile USA,40,330,309,12,880,0
2025-01-17T18:20:53-06:00[America/Chicago],T-Mobile USA,48,314,251,8,578,0
2025-01-17T18:51:21-06:00[America/Chicago],T-Mobile USA,40,353,555,13,490,0
2025-01-17T19:21:56-06:00[America/Chicago],T-Mobile USA,50,325,424,11,2389,0
2025-01-17T20:22:41-06:00[America/Chicago],T-Mobile USA,44,292,493,13,590,0
2025-01-17T20:53:10-06:00[America/Chicago],T-Mobile USA,42,297,663,17,328,0
2025-01-17T21:23:44-06:00[America/Chicago],T-Mobile USA,37,260,471,7,536,0
2025-01-17T21:54:16-06:00[America/Chicago],T-Mobile USA,56,212,408,16,315,0
2025-01-17T22:24:51-06:00[America/Chicago],T-Mobile USA,51,287,666,15,496,0
2025-01-17T22:55:20-06:00[America/Chicago],T-Mobile USA,56,160,135,19,625,0
2025-01-17T23:25:44-06:00[America/Chicago],T-Mobile USA,42,269,217,24,332,0
2025-01-17T23:56:12-06:00[America/Chicago],T-Mobile USA,42,253,357,27,594,0
2025-01-18T00:26:45-06:00[America/Chicago],T-Mobile USA,43,302,783,22,324,0
2025-01-18T00:57:18-06:00[America/Chicago],T-Mobile USA,44,107,64,20,435,0
2025-01-18T01:27:53-06:00[America/Chicago],T-Mobile USA,44,366,693,21,134,0
2025-01-18T01:58:25-06:00[America/Chicago],T-Mobile USA,35,357,598,21,734,1
2025-01-18T02:28:57-06:00[America/Chicago],T-Mobile USA,44,406,526,19,320,0
2025-01-18T02:59:29-06:00[America/Chicago],T-Mobile USA,40,419,766,21,389,0
2025-01-18T03:30:04-06:00[America/Chicago],T-Mobile USA,41,159,70,20,284,0
2025-01-18T04:00:35-06:00[America/Chicago],T-Mobile USA,42,447,712,22,356,0
2025-01-18T04:31:03-06:00[America/Chicago],T-Mobile USA,45,438,530,25,250,0
2025-01-18T05:01:38-06:00[America/Chicago],T-Mobile USA,40,448,687,24,242,0
2025-01-18T05:32:05-06:00[America/Chicago],T-Mobile USA,45,429,573,22,283,0
2025-01-18T06:02:35-06:00[America/Chicago],T-Mobile USA,52,272,211,23,279,0
2025-01-18T07:03:08-06:00[America/Chicago],T-Mobile USA,44,365,532,24,200,0
2025-01-18T07:33:35-06:00[America/Chicago],T-Mobile USA,44,304,412,24,263,0
2025-01-18T08:02:11-06:00[America/Chicago],T-Mobile USA,43,367,487,20,311,0
2025-01-18T08:04:05-06:00[America/Chicago],T-Mobile USA,42,361,332,22,307,0
2025-01-18T08:16:02-06:00[America/Chicago],T-Mobile USA,49,331,273,21,300,0
2025-01-18T08:34:39-06:00[America/Chicago],T-Mobile USA,41,304,228,21,420,0
2025-01-18T08:53:47-06:00[America/Chicago],T-Mobile USA,44,352,592,21,305,0
2025-01-18T09:09:21-06:00[America/Chicago],T-Mobile USA,42,337,665,15,704,0
2025-01-18T09:24:56-06:00[America/Chicago],T-Mobile USA,47,347,371,21,316,0
2025-01-18T09:40:29-06:00[America/Chicago],T-Mobile USA,54,226,98,21,295,NaN
2025-01-18T09:56:03-06:00[America/Chicago],T-Mobile USA,45,119,70,21,293,0
2025-01-18T10:11:36-06:00[America/Chicago],T-Mobile USA,42,388,286,19,306,0
2025-01-18T10:27:08-06:00[America/Chicago],T-Mobile USA,44,318,349,20,241,0
2025-01-18T10:42:45-06:00[America/Chicago],T-Mobile USA,44,121,67,7,979,0
2025-01-18T10:58:14-06:00[America/Chicago],T-Mobile USA,43,118,72,21,178,0
2025-01-18T11:13:44-06:00[America/Chicago],T-Mobile USA,42,116,84,22,370,0
2025-01-18T11:29:19-06:00[America/Chicago],T-Mobile USA,44,296,631,19,355,0
2025-01-18T11:44:49-06:00[America/Chicago],T-Mobile USA,39,335,651,16,344,0
2025-01-18T12:00:24-06:00[America/Chicago],T-Mobile USA,45,371,656,19,317,0
2025-01-18T12:15:56-06:00[America/Chicago],T-Mobile USA,50,277,376,29,414,0
2025-01-18T12:31:24-06:00[America/Chicago],T-Mobile USA,50,263,162,16,227,0
2025-01-18T13:08:03-06:00[America/Chicago],T-Mobile USA,42,298,328,15,586,0
2025-01-18T13:23:37-06:00[America/Chicago],T-Mobile USA,44,247,532,16,142,0
2025-01-18T13:39:11-06:00[America/Chicago],T-Mobile USA,43,138,78,22,313,0
2025-01-18T13:54:46-06:00[America/Chicago],T-Mobile USA,40,115,78,19,323,0
2025-01-18T14:10:20-06:00[America/Chicago],T-Mobile USA,40,107,76,20,371,0
2025-01-18T14:25:47-06:00[America/Chicago],T-Mobile USA,40,230,674,21,531,0
2025-01-18T14:41:22-06:00[America/Chicago],T-Mobile USA,44,305,793,19,466,0
2025-01-18T14:56:56-06:00[America/Chicago],T-Mobile USA,45,309,486,16,449,0
2025-01-18T15:12:26-06:00[America/Chicago],T-Mobile USA,50,322,392,16,318,0
2025-01-18T15:28:01-06:00[America/Chicago],T-Mobile USA,50,291,507,20,324,0
2025-01-18T15:43:32-06:00[America/Chicago],T-Mobile USA,60,269,237,16,428,0
2025-01-18T17:23:35-06:00[America/Chicago],T-Mobile USA,47,295,679,16,489,0
2025-01-18T17:39:00-06:00[America/Chicago],T-Mobile USA,49,342,573,22,265,0
2025-01-18T17:54:29-06:00[America/Chicago],T-Mobile USA,43,255,366,21,396,0
2025-01-18T18:10:01-06:00[America/Chicago],T-Mobile USA,55,238,178,15,315,0
2025-01-18T18:25:36-06:00[America/Chicago],T-Mobile USA,46,253,584,18,320,0
2025-01-18T18:41:06-06:00[America/Chicago],T-Mobile USA,61,163,125,19,482,NaN
2025-01-18T18:56:38-06:00[America/Chicago],T-Mobile USA,113,281,597,19,275,0
2025-01-18T19:12:07-06:00[America/Chicago],T-Mobile USA,47,297,399,19,331,0
2025-01-18T19:27:36-06:00[America/Chicago],T-Mobile USA,41,322,580,28,392,0
2025-01-18T19:43:01-06:00[America/Chicago],T-Mobile USA,54,196,191,13,479,0
2025-01-18T19:58:33-06:00[America/Chicago],T-Mobile USA,53,200,150,20,365,0
2025-01-18T20:14:04-06:00[America/Chicago],T-Mobile USA,51,263,494,18,338,0
2025-01-18T20:29:39-06:00[America/Chicago],T-Mobile USA,44,313,646,18,211,0
2025-01-18T20:45:13-06:00[America/Chicago],T-Mobile USA,44,367,582,17,283,0
2025-01-18T21:00:47-06:00[America/Chicago],T-Mobile USA,42,303,343,18,340,0
2025-01-18T21:16:17-06:00[America/Chicago],T-Mobile USA,40,254,746,15,800,0
2025-01-18T21:31:49-06:00[America/Chicago],T-Mobile USA,42,197,712,12,701,0
2025-01-18T21:47:19-06:00[America/Chicago],T-Mobile USA,45,260,504,21,543,0
2025-01-18T22:02:52-06:00[America/Chicago],T-Mobile USA,40,325,540,18,352,0
2025-01-18T22:18:25-06:00[America/Chicago],T-Mobile USA,49,301,335,17,349,0
2025-01-18T22:33:57-06:00[America/Chicago],T-Mobile USA,43,321,443,22,473,0
2025-01-18T22:49:25-06:00[America/Chicago],T-Mobile USA,39,269,606,23,510,0
2025-01-18T23:20:06-06:00[America/Chicago],T-Mobile USA,50,297,625,21,250,0
2025-01-18T23:35:34-06:00[America/Chicago],T-Mobile USA,48,283,181,19,392,0
2025-01-18T23:51:00-06:00[America/Chicago],T-Mobile USA,37,311,493,25,570,0
2025-01-19T00:06:30-06:00[America/Chicago],T-Mobile USA,54,355,539,23,459,0
2025-01-19T00:21:56-06:00[America/Chicago],T-Mobile USA,52,396,829,23,223,0
2025-01-19T00:37:26-06:00[America/Chicago],T-Mobile USA,44,330,797,21,210,0
2025-01-19T01:08:24-06:00[America/Chicago],T-Mobile USA,44,349,623,19,264,0
2025-01-19T01:23:53-06:00[America/Chicago],T-Mobile USA,46,361,521,21,270,0
2025-01-19T01:39:28-06:00[America/Chicago],T-Mobile USA,44,385,647,20,152,0
2025-01-19T01:55:02-06:00[America/Chicago],T-Mobile USA,40,403,437,20,330,0
2025-01-19T02:10:31-06:00[America/Chicago],T-Mobile USA,54,326,400,22,429,0
2025-01-19T02:26:01-06:00[America/Chicago],T-Mobile USA,44,95,168,20,293,0
2025-01-19T02:41:32-06:00[America/Chicago],T-Mobile USA,43,95,189,23,244,0
2025-01-19T02:56:58-06:00[America/Chicago],T-Mobile USA,40,95,159,24,163,0
2025-01-19T03:12:27-06:00[America/Chicago],T-Mobile USA,53,94,162,22,655,0
2025-01-19T03:27:57-06:00[America/Chicago],T-Mobile USA,41,95,174,20,360,0
2025-01-19T03:43:27-06:00[America/Chicago],T-Mobile USA,41,95,148,22,300,0
2025-01-19T03:58:58-06:00[America/Chicago],T-Mobile USA,42,95,173,21,405,0
2025-01-19T04:14:23-06:00[America/Chicago],T-Mobile USA,43,95,161,32,242,0
2025-01-19T04:45:00-06:00[America/Chicago],T-Mobile USA,43,92,145,23,276,0
2025-01-19T05:00:33-06:00[America/Chicago],T-Mobile USA,59,94,190,25,288,0
2025-01-19T05:16:01-06:00[America/Chicago],T-Mobile USA,40,97,399,22,307,0
2025-01-19T05:31:32-06:00[America/Chicago],T-Mobile USA,44,95,158,30,212,0
2025-01-19T05:46:57-06:00[America/Chicago],T-Mobile USA,43,95,150,33,404,0
2025-01-19T06:02:22-06:00[America/Chicago],T-Mobile USA,48,95,213,24,208,0
2025-01-19T06:17:52-06:00[America/Chicago],T-Mobile USA,43,95,179,22,303,0
2025-01-19T06:33:25-06:00[America/Chicago],T-Mobile USA,42,87,238,21,359,0
2025-01-19T06:48:51-06:00[America/Chicago],BTWI LLC.,40,93,166,29,262,0
2025-01-19T07:04:21-06:00[America/Chicago],T-Mobile USA,57,86,232,22,432,0
2025-01-19T07:13:07-06:00[America/Chicago],T-Mobile USA,47,90,385,19,442,0
2025-01-19T07:19:48-06:00[America/Chicago],T-Mobile USA,56,88,249,15,219,0
2025-01-19T07:35:17-06:00[America/Chicago],T-Mobile USA,40,94,183,26,541,0
2025-01-19T07:50:44-06:00[America/Chicago],T-Mobile USA,60,92,279,18,754,0
2025-01-19T08:06:13-06:00[America/Chicago],T-Mobile USA,40,96,279,23,389,0
2025-01-19T08:21:42-06:00[America/Chicago],T-Mobile USA,47,94,212,12,273,0
2025-01-19T08:37:11-06:00[America/Chicago],T-Mobile USA,49,92,356,17,336,0
2025-01-19T08:52:40-06:00[America/Chicago],T-Mobile USA,47,95,204,16,392,0
2025-01-19T09:08:09-06:00[America/Chicago],T-Mobile USA,48,91,167,22,583,0
2025-01-19T09:23:40-06:00[America/Chicago],T-Mobile USA,43,90,219,19,499,0
2025-01-19T09:39:10-06:00[America/Chicago],T-Mobile USA,49,93,232,16,375,0
2025-01-19T09:54:44-06:00[America/Chicago],T-Mobile USA,44,83,230,16,447,0
2025-01-19T10:10:08-06:00[America/Chicago],T-Mobile USA,43,90,166,17,446,0
2025-01-19T10:25:40-06:00[America/Chicago],T-Mobile USA,44,99,210,18,313,0
2025-01-19T10:41:10-06:00[America/Chicago],T-Mobile USA,41,83,154,28,545,0
2025-01-19T10:56:36-06:00[America/Chicago],T-Mobile USA,46,79,155,22,687,0
2025-01-19T11:12:08-06:00[America/Chicago],T-Mobile USA,38,93,142,15,284,0
2025-01-19T11:27:39-06:00[America/Chicago],T-Mobile USA,46,93,159,20,310,0
2025-01-19T11:57:09-06:00[America/Chicago],T-Mobile USA,41,81,191,19,387,0
2025-01-19T12:12:50-06:00[America/Chicago],T-Mobile USA,37,464,195,31,409,0
2025-01-19T12:28:12-06:00[America/Chicago],T-Mobile USA,43,87,172,28,550,0
2025-01-19T12:43:39-06:00[America/Chicago],T-Mobile USA,40,370,328,28,274,0
2025-01-19T12:59:03-06:00[America/Chicago],T-Mobile USA,46,439,247,40,345,0
2025-01-19T13:46:52-06:00[America/Chicago],T-Mobile USA,37,409,311,14,601,0
2025-01-19T14:02:20-06:00[America/Chicago],T-Mobile USA,36,455,431,27,417,0
